1,Vijay Krishna,,CCAP,approved,,,
2,,,SNAP,approved,,,
3,,,SNAP,approved,,,
4,,,SNAP,approved,,,
5,,,SNAP,approved,,,
6,,,SNAP,approved,,,
7,,,SNAP,approved,,,
8,,,SNAP,approved,,,
9,,,SNAP,approved,,,
10,,,SNAP,approved,,,
11,,,SNAP,approved,,,
12,,,SNAP,approved,,,
13,,,SNAP,approved,,,
14,,,SNAP,approved,,,
15,,,SNAP,approved,,,
16,,,SNAP,approved,,,
17,,,SNAP,approved,,,
18,,,SNAP,approved,,,
19,,,SNAP,approved,,,
20,,,SNAP,approved,,,
21,,,SNAP,approved,,,
22,,,SNAP,approved,,,
23,,,SNAP,approved,,,
24,,,SNAP,approved,,,
25,,,SNAP,approved,,,
26,,,SNAP,approved,,,
27,,,SNAP,approved,,,
28,,,SNAP,approved,,,
29,,,SNAP,approved,,,
30,,,SNAP,approved,,,
31,,,SNAP,approved,,,
32,,,SNAP,approved,,,
33,,,SNAP,approved,,,
34,,,SNAP,approved,,,
35,,,SNAP,approved,,,
36,,,SNAP,approved,,,
37,,,SNAP,approved,,,
38,,,SNAP,approved,,,
39,,,SNAP,approved,,,
40,,,SNAP,approved,,,
41,,,SNAP,approved,,,
42,,,SNAP,approved,,,
43,,,SNAP,approved,,,
44,,,SNAP,approved,,,
45,,,SNAP,approved,,,
46,,,SNAP,approved,,,
47,,,SNAP,approved,,,
48,,,SNAP,approved,,,
49,,,SNAP,approved,,,
50,,,SNAP,approved,,,
51,,,SNAP,approved,,,
52,,,SNAP,approved,,,
53,,,SNAP,approved,,,
54,,,SNAP,approved,,,
55,,,SNAP,approved,,,
56,,,SNAP,approved,,,
57,,,SNAP,approved,,,
58,,,SNAP,approved,,,
59,,,SNAP,approved,,,
60,,,SNAP,approved,,,
61,,,SNAP,approved,,,
62,,,SNAP,approved,,,
63,,,SNAP,approved,,,
64,,,SNAP,approved,,,
65,,,SNAP,approved,,,
66,,,SNAP,approved,,,
67,,,SNAP,approved,,,
68,,,SNAP,approved,,,
69,,,SNAP,approved,,,
70,,,SNAP,approved,,,
71,,,SNAP,approved,,,
72,,,SNAP,approved,,,
73,,,SNAP,approved,,,
74,,,SNAP,approved,,,
75,,,SNAP,approved,,,
76,,,SNAP,approved,,,
77,,,SNAP,approved,,,
78,,,SNAP,approved,,,
79,,,SNAP,approved,,,
80,,,SNAP,approved,,,
81,,,SNAP,approved,,,
82,,,SNAP,approved,,,
83,,,SNAP,approved,,,
84,,,SNAP,approved,,,
85,,,SNAP,approved,,,
86,,,SNAP,approved,,,
87,,,SNAP,approved,,,
88,,,SNAP,approved,,,
89,,,SNAP,approved,,,
90,,,SNAP,approved,,,
91,,,SNAP,approved,,,
92,,,SNAP,approved,,,
93,,,SNAP,approved,,,
94,,,SNAP,approved,,,
95,,,SNAP,approved,,,
96,,,SNAP,approved,,,
97,,,SNAP,approved,,,
98,,,SNAP,approved,,,
99,,,SNAP,approved,,,
